ptx,pty,size,angle,response,octave,classid
30.038917541503906,54.10002899169922,2.3928897380828857,47.768585205078125,0.03345682844519615,4063999,-1
37.803462982177734,54.64581298828125,7.680718898773193,78.031982421875,0.03185112401843071,4849921,-1
48.290443420410156,52.46123123168945,1.8524690866470337,110.96865844726562,0.015529920347034931,2228735,-1
50.68922805786133,71.02153015136719,2.3870420455932617,104.64714050292969,0.029401449486613274,3867391,-1
54.936161041259766,70.35382080078125,1.9610586166381836,322.6721496582031,0.02806182950735092,6357503,-1
56.589420318603516,56.38471984863281,2.1770293712615967,129.60482788085938,0.01633911021053791,13894143,-1
58.881561279296875,58.059452056884766,1.949819803237915,136.77874755859375,0.017322104424238205,5964287,-1
59.8250732421875,65.3532485961914,5.823286533355713,150.47885131835938,0.030458061024546623,1508096,-1
71.3860855102539,61.039817810058594,10.18599796295166,4.932098388671875,0.05320851504802704,8520193,-1
