ptx,pty,size,angle,response,octave,classid
30.712841033935547,60.10517120361328,3.6032187938690186,130.11859130859375,0.025170225650072098,196864,-1
32.801090240478516,19.729637145996094,13.342198371887207,259.47869873046875,0.015486162155866623,11338497,-1
56.12584686279297,49.825660705566406,5.541451454162598,83.24740600585938,0.01982627436518669,14680576,-1
56.12584686279297,49.825660705566406,5.541451454162598,330.75189208984375,0.01982627436518669,14680576,-1
62.484352111816406,47.07967758178711,3.9980061054229736,331.33953857421875,0.01580359973013401,7733504,-1
62.7195930480957,52.64799880981445,2.4133501052856445,308.8511047363281,0.019625894725322723,4653823,-1
75.69791412353516,55.68574523925781,10.73519515991211,38.85662841796875,0.025668470188975334,12321281,-1
79.38298034667969,30.16107749938965,13.02750301361084,306.9060363769531,0.013456549495458603,9634561,-1
