ptx,pty,size,angle,response,octave,classid
15.427603721618652,57.539920806884766,1.9091447591781616,163.4639892578125,0.015628978610038757,4391423,-1
17.649520874023438,43.47303009033203,2.6331026554107666,236.41732788085938,0.015994084998965263,10945279,-1
20.225210189819336,45.99239730834961,3.0303642749786377,237.4276580810547,0.03509174659848213,4391935,-1
40.627689361572266,57.4396858215332,2.561049461364746,81.18310546875,0.022002048790454865,8979199,-1
44.051124572753906,61.293785095214844,3.397779941558838,132.90048217773438,0.037386517971754074,12715007,-1
44.24623489379883,66.72196197509766,2.6336629390716553,127.81732177734375,0.024367475882172585,11010815,-1
49.170074462890625,67.45195007324219,2.311892032623291,131.4056396484375,0.01584932580590248,1573631,-1
54.77407455444336,54.96493911743164,2.1419010162353516,317.792236328125,0.015896277502179146,12714495,-1
58.93890380859375,65.57569885253906,5.88554048538208,345.92437744140625,0.016056232154369354,2294528,-1
