ptx,pty,size,angle,response,octave,classid
32.16401290893555,68.23518371582031,3.9138360023498535,128.56956481933594,0.04818210005760193,6226176,-1
40.63395690917969,48.09685134887695,3.1799042224884033,247.64254760742188,0.021813852712512016,7930879,-1
47.75333023071289,53.59239959716797,2.274665117263794,281.67193603515625,0.02171965502202511,393983,-1
48.40699768066406,49.778934478759766,2.2845168113708496,93.8370361328125,0.019096478819847107,721663,-1
51.39134979248047,56.934661865234375,2.924320936203003,262.29840087890625,0.016068611294031143,1836031,-1
67.35729217529297,63.8692741394043,2.6304514408111572,0.829620361328125,0.051993973553180695,10879743,-1
69.08209991455078,59.31309509277344,2.2000558376312256,350.5343933105469,0.043573930859565735,14680575,-1
