ptx,pty,size,angle,response,octave,classid
30.98638153076172,29.649829864501953,8.219914436340332,244.8299102783203,0.03437769412994385,9765121,-1
61.38957977294922,65.23245239257812,2.5367181301116943,161.83396911621094,0.015178561210632324,8258303,-1
65.95219421386719,60.93992233276367,6.910060405731201,0.78533935546875,0.014154624193906784,13894400,-1
66.93944549560547,68.48588562011719,4.422372341156006,156.27255249023438,0.013615097850561142,15073536,-1
66.93944549560547,68.48588562011719,4.422372341156006,357.7126159667969,0.013615097850561142,15073536,-1
85.3941879272461,55.59615707397461,3.0053672790527344,164.71737670898438,0.013886847533285618,3802111,-1
86.60687255859375,46.17177200317383,5.547071933746338,321.83380126953125,0.04661393165588379,14746112,-1
