ptx,pty,size,angle,response,octave,classid
30.717952728271484,60.255760192871094,5.785840034484863,336.8828125,0.01857602782547474,1049344,-1
32.15629959106445,45.10319900512695,2.726083993911743,236.70846557617188,0.042794905602931976,13501183,-1
45.39078140258789,55.5871696472168,2.7433180809020996,232.68043518066406,0.014402670785784721,13959935,-1
45.519920349121094,62.777984619140625,1.8353328704833984,22.97320556640625,0.014481316320598125,1573375,-1
52.08651351928711,61.08616638183594,2.8859384059906006,279.36871337890625,0.014544682577252388,852991,-1
54.69538879394531,47.577903747558594,2.571054220199585,105.05952453613281,0.014296413399279118,9241343,-1
73.67338562011719,60.46623229980469,8.814265251159668,337.75360107421875,0.048910632729530334,14811393,-1
