ptx,pty,size,angle,response,octave,classid
30.95117950439453,31.184274673461914,7.864041328430176,243.40724182128906,0.034114159643650055,6553857,-1
61.98480987548828,35.620243072509766,2.3255650997161865,273.3198547363281,0.013618627563118935,1966847,-1
62.52593994140625,35.85661697387695,2.157818078994751,117.18701171875,0.013434432446956635,13304319,-1
62.52593994140625,35.85661697387695,2.157818078994751,274.87091064453125,0.013434432446956635,13304319,-1
65.08454895019531,69.16122436523438,2.7192704677581787,157.70315551757812,0.014680328778922558,13304575,-1
65.78933715820312,30.4843692779541,1.8264740705490112,283.47943115234375,0.02747654914855957,1245695,-1
69.14134979248047,50.87510299682617,4.439139366149902,322.5948181152344,0.013337475247681141,15335680,-1
80.73855590820312,39.61628341674805,3.0505852699279785,306.3245849609375,0.04000818356871605,4916223,-1
89.61161041259766,57.73115539550781,2.906132459640503,162.61207580566406,0.013757036067545414,1377279,-1
